STORE_NBR,SALES_SCORE,CUSTOMER_SCORE,FINAL_SCORE
226,656.6341266116635,46.79280393830667,351.7134652749851
88,548.8429006739079,41.88252398383607,295.362712328872
237,548.1447430203639,42.16419088198836,295.1544669511761
165,538.6576796637961,40.15099041300069,289.4043350383984
58,534.3253827098104,41.189551832985536,287.75746727139796
4,530.4397787711857,39.13789493665749,284.7888368539216
203,517.5872226197047,38.89631444370969,278.2417685317072
40,512.0267968206873,40.42031162676953,276.2235542237284
199,496.90812510302146,37.54222222879274,267.2251736659071
72,487.17057734086626,36.0772783854592,261.62392786316275
26,483.3996575887535,37.451154516109966,260.42540605243175
181,477.52560446795366,37.13120967098416,257.3284070694689
130,467.9737913646358,37.950272398290466,252.96203188146313
217,472.46253102006506,33.38033896013809,252.92143499010157
81,468.82701121014793,35.84609968652439,252.33655544833616
238,466.4950454787623,36.01864828817929,251.25684688347079
261,464.0052749779425,36.553909364275356,250.27959217110893
201,463.8231173993623,36.63669713310482,250.22990726623354
123,457.4042706055646,35.50231972841033,246.45329516698746
210,452.41304038853883,34.00288262829261,243.20796150841574
95,451.1158679879792,34.97755367913462,243.04671083355692
125,450.5084667749239,35.14421608165459,242.82634142828923
75,447.0609100080048,31.990346562054288,239.52562828502954
250,432.6304218793504,34.09595629920828,233.36318908927936
59,430.17583138053254,33.511399034932346,231.84361520773246
194,429.52294797144754,33.58745487190505,231.5552014216763
153,428.744439111679,32.79063478510699,230.767536948393
231,428.1249400060877,33.28734954171406,230.70614477390086
60,427.9647318612486,30.678401263595536,229.32156656242208
216,422.08734576621197,34.99525394795505,228.54129985708352
65,421.6132903678955,32.12817288472121,226.87073162630836
49,418.817032793028,30.52690921556643,224.6719710042972
3,416.6283218182613,32.20281800161195,224.41556990993664
93,409.3799553444531,36.28198418111428,222.8309697627837
154,405.1516776788659,32.602567059374444,218.87712236912017
156,398.01741569678177,36.3970679037066,217.2072418002442
7,400.93877131203004,31.058797374792036,215.99878434341105
43,395.86171348892356,34.41679839561878,215.13925594227118
213,392.34056285677315,34.938785409946696,213.63967413335993
166,387.8970622754234,34.57787662558172,211.23746945050257
36,391.83368702469085,29.39569469654727,210.61469086061905
79,388.9135053490852,31.559682056160465,210.23659370262283
152,384.13898261074166,33.579608558521066,208.85929558463135
94,376.50646193843625,32.706181395630324,204.60632166703328
133,374.59755057807143,34.29592024718182,204.44673541262662
128,374.80271988919304,33.263008123747305,204.03286400647016
230,374.14810789396796,33.11480342750678,203.63145566073737
80,375.11156686837563,30.549293694411787,202.83043028139372
63,370.60906103397775,34.15991393770962,202.3844874858437
168,372.0349610968525,32.6533270543389,202.3441440755957
100,365.7714446901086,31.917696416850088,198.84457055347934
259,362.887830411015,31.977117786265744,197.43247409864037
119,364.7052607734348,28.277347589907034,196.49130418167093
175,362.2908274609382,28.646170025281855,195.46849874311002
137,356.33579146984727,32.54583765682645,194.44081456333686
223,354.7349421306656,34.01925144352412,194.37709678709487
270,357.225572354534,31.005799021575747,194.11568568805487
69,354.3901706137693,33.72206942977532,194.05612002177233
179,357.87243516054906,29.17562324185264,193.52402920120085
33,354.686850097159,32.15966149861233,193.42325579788564
269,354.52070625495486,31.69142517088652,193.1060657129207
71,352.42133869700746,30.94883691975936,191.6850878083834
114,349.9337532699631,31.394892783648263,190.6643230268057
106,349.1074989193593,31.97944624797648,190.54347258366786
157,345.98937518352807,32.00871547541844,188.99904532947326
178,346.28647970044307,30.70830546626906,188.49739258335606
112,346.00752049856555,30.898607192363546,188.45306384546456
257,340.81960651594835,31.9640944690921,186.39185049252023
55,340.4880377814788,29.873691842470247,185.18086481197452
232,336.59104927647576,29.90875497334577,183.24990212491076
113,337.72429334671904,28.59353113708435,183.1589122419017
221,331.68358530561943,29.80158244743609,180.74258387652776
62,331.8176110940623,29.561470317751713,180.689540705907
227,331.0212862478033,29.330958443064503,180.1761223454339
10,330.52642437790234,29.484660261117078,180.00554231950971
138,329.9931272718722,29.661132679611224,179.8271299757417
160,329.501687264027,29.71310480461374,179.60739603432037
184,329.54800634491284,27.945597145373952,178.7468017451434
155,329.10710364336927,28.270731248524648,178.68891744594697
164,327.9288921690569,29.273910540905145,178.60140135498102
102,327.36744030074146,28.959450640663167,178.16344547070233
180,325.97046861243376,29.123461363990643,177.5469649882122
97,325.9398013928313,29.146734373098532,177.54326788296493
109,324.14655519221617,28.727396074876516,176.43697563354635
105,322.221611317687,28.94927549162743,175.5854434046572
236,321.54321194529297,27.712946776278628,174.6280793607858
30,321.36420154546545,27.787852911461908,174.5760272284637
91,323.52777283470914,24.262861081039237,173.8953169578742
57,317.712181638178,28.877308512422726,173.29474507530034
196,316.3162550048608,28.313951907937252,172.31510345639902
13,315.2804617652694,29.263757268185877,172.27210951672765
86,315.6415847110612,28.294919113883605,171.96825191247243
207,313.2268880070171,28.720290362584638,170.9735891848009
48,315.31396429583435,26.6067649876319,170.96036464173312
172,315.067489925406,26.587460462426062,170.82747519391603
225,313.4771673650526,28.150991876432155,170.81407962074238
23,314.4875473889426,26.836315539373622,170.6619314641581
39,313.17645933972386,27.87489264159292,170.52567599065839
32,312.7115864517279,26.047538500797312,169.3795624762626
122,309.3763232648256,28.203448849130314,168.78988605697796
116,308.16897666045423,27.132811299875257,167.65089398016474
67,306.2988150582976,28.725973216412193,167.51239413735487
104,307.77408663883324,26.625387040208825,167.19973683952102
247,305.32733232360715,27.54662575552125,166.4369790395642
222,305.4530271582684,25.826796251186412,165.6399117047274
191,303.9713843178209,27.05581311740811,165.51359871761449
229,303.6476712397255,27.029012697632798,165.33834196867917
101,302.9857705549527,27.39769377414726,165.19173216455
162,297.92915578333583,27.98714576562929,162.95815077448256
70,295.6035246929324,26.17271797679311,160.88812133486277
183,293.56375075977843,26.024758643412458,159.79425470159543
271,290.61345793818674,25.22410024482401,157.91877909150537
219,289.659496338093,25.709945803625235,157.68472107085913
83,288.7097662252113,26.377971906545962,157.54386906587862
118,287.4061397035768,26.845124293981062,157.12563199877894
5,288.56610241830657,25.32818639819776,156.94714440825217
209,288.63619971825267,25.045769604132882,156.84098466119278
129,286.6378258323353,24.279466677232723,155.45864625478401
190,283.8763429060208,25.722929588142723,154.79963624708176
15,284.6726910384021,24.6636843628447,154.6681877006234
147,285.17743130101314,24.10010478585637,154.63876804343477
107,281.9794415776744,25.05374600801318,153.5165937928438
241,282.44319307701875,24.524463112309487,153.48382809466412
45,280.2854917043623,25.235875942959527,152.7606838236609
110,277.6297629302511,25.828704902765125,151.72923391650812
28,276.5130822524114,25.966812854370218,151.2399475533908
78,268.9718726204813,24.016888513377854,146.49438056692958
19,267.20389260170464,22.468987712684353,144.8364401571945
24,261.7909438701875,23.21594242040383,142.50344314529568
262,261.5667827729944,22.47411231535113,142.02044754417275
208,251.641571263206,22.013763714793775,136.82766748899988
148,241.51019605049268,27.36310394796032,134.4366499992265
144,243.54767377486533,21.790576934653856,132.6691253547596
212,239.36773383437077,20.66836861151283,130.0180512229418
56,238.23654630288846,20.721691320456994,129.47911881167272
246,132.09217292807904,6.2475644232568195,69.16986867566793
200,129.8586731911066,6.938889248931965,68.39878122001927
202,130.91748481457068,5.25834394021835,68.08791437739451
99,113.50791142442267,19.17775612488899,66.34283377465583
177,111.67890596800365,18.569842828917693,65.12437439846067
198,110.19402937101019,19.472654354227988,64.8333418626191
146,109.92646564877518,19.284196223967566,64.60533093637137
140,110.5606170289634,18.625678328495983,64.5931476787297
42,109.6601318102875,18.633453153856816,64.14679248207216
267,109.77188569337301,18.247073011870736,64.00947935262187
159,108.82774390887607,18.741487758524677,63.78461583370037
242,122.81081068575341,4.678324567967898,63.74456762686066
244,108.14131499125043,18.943335208890986,63.542325100070705
258,107.81741064885816,19.155714869872877,63.48656275936552
263,108.16082326313312,18.682986884851825,63.42190507399248
224,107.6527058372136,18.792499163364546,63.22260250028907
235,121.64369886741214,4.6133509408942315,63.12852490415319
139,106.80826226082057,18.540926601787664,62.674594431304115
135,106.03209742178677,18.277920941107098,62.155009181446935
158,105.93105457966527,18.06419957456821,61.99762707711674
127,104.68240333620282,18.234846590258826,61.458624963230825
161,104.35132830593636,18.15189688014399,61.25161259304018
52,103.17191545406406,18.518843388419455,60.84537942124176
192,103.66965795529372,17.846912750953464,60.75828535312359
54,116.01375377874876,4.9054119499203415,60.45958286433455
132,101.90482052431851,18.20331449780476,60.05406751106163
204,101.30204180326011,18.654578422179846,59.97831011271998
14,101.34636819022582,18.428849195175832,59.88760869270082
173,114.23415218269461,5.089158719723802,59.66165545120921
84,110.30645963698522,4.143571333553233,57.225015485269225
61,96.96758451151388,17.454748842269005,57.21116667689144
142,107.46237420260937,4.853905623960122,56.15813991328474
25,101.41127369225217,4.493483518662875,52.95237860545752
150,101.02347989688302,3.1242145297937944,52.073847213338404
21,99.85320907055456,3.897115106118825,51.875162088336694
134,96.70372362586144,3.4958854442813885,50.099804535071414
12,95.46600974439376,3.360636031010151,49.41332288770195
260,94.41311970010672,3.7719911115915523,49.09255540584913
27,92.28435950995345,2.771764651755331,47.52806208085439
66,89.3570714583354,3.3469674273963514,46.352019442865874
253,87.0520692570462,2.990506140853513,45.021287698949855
37,85.45808357263303,3.8898652265250555,44.673974399579045
64,86.15774769118649,2.629435066130257,44.39359137865837
251,83.71529346211507,4.350300294710639,44.03279687841285
149,83.31634634164945,2.8645404177517317,43.09044337970059
182,80.97448207553944,3.222920839663875,42.098701457601656
240,77.7299150119864,3.956046931060981,40.842980971523694
17,78.2284770372823,2.1593681656298247,40.193922601456066
243,73.94197384361124,5.9678601652823104,39.95491700444677
47,72.60777686819958,6.945957255738295,39.776867061968936
170,76.41408780818058,2.8291288902758365,39.62160834922821
248,71.8973619365704,6.223575703834712,39.06046882020256
272,74.72666793264293,2.611608736750326,38.669138334696626
171,73.79965056575361,3.2024529792058347,38.50105177247972
215,72.09876713679206,3.7929888735144797,37.94587800515327
96,72.38598707898655,3.429139874802979,37.907563476894765
234,72.1910195318833,2.934034915077947,37.56252722348062
29,70.06411716911518,3.4070649685970054,36.735591068856095
126,67.0362153843873,3.459946125138575,35.24808075476294
8,66.41774838478659,3.3662498890658523,34.89199913692622
143,66.48260816579928,2.7876334160879273,34.6351207909436
34,65.79975276598593,3.3425794042066457,34.57116608509629
189,60.6911601699401,6.112289073237495,33.4017246215888
9,58.18422626142482,6.96429334977045,32.574259805597634
98,59.269661562582804,5.1015851012558215,32.18562333191932
174,59.69722859621443,3.61970583013527,31.65846721317485
35,58.10805572116587,4.887323540401935,31.497689630783903
245,57.180448081038044,4.229841739859801,30.705144910448922
228,53.42619622324359,3.6388009253051337,28.532498574274364
254,50.81712567319171,3.5295327662466724,27.173329219719193
239,50.46758536525634,3.5214097328097953,26.994497549033067
87,48.95206809481533,3.3703589645402885,26.16121352967781
16,48.25001513442951,3.1967231678107755,25.723369151120142
151,45.841370810372936,4.562288075585052,25.201829442978994
68,46.544313810778796,3.739531176115271,25.141922493447034
266,46.665841283251375,3.569310099035677,25.117575691143525
120,44.80485342395345,5.068526851434155,24.936690137693805
136,44.939166824945495,4.679288693539091,24.809227759242294
197,45.04081021105503,3.374330671864026,24.207570441459527
115,44.17315083881723,2.0737265914170013,23.123438715117114
82,42.28370222846496,2.818447104624102,22.55107466654453
186,40.011321619857014,4.467731532436345,22.23952657614668
73,41.33373470246788,2.694271449037919,22.0140030757529
2,40.618460634584004,3.3568316912837304,21.987646162933867
51,40.06299021969987,3.4170783869923476,21.740034303346107
145,40.7010354763012,2.5548632538472056,21.6279493650742
121,36.53285510407423,4.068271918006052,20.300563511040142
103,35.739078180726246,4.667077690437282,20.203077935581764
124,36.112522456926584,4.207015593307383,20.159769025116983
108,35.594744891284826,4.470135523459609,20.03244020737222
169,34.94922957499728,3.9525187258249934,19.45087415041114
256,34.4000204394354,3.76178267374376,19.08090155658958
74,32.985901207530716,3.384831390445695,18.185366298988207
22,32.778283080062856,3.304328489490091,18.041305784776473
89,31.4355322115903,3.637272889134437,17.536402550362368
1,29.98760892120944,3.018226999050764,16.5029179601301
90,28.039746942965415,4.939131059819967,16.48943900139269
249,28.533603460498153,3.4812755521007652,16.00743950629946
38,26.815317254125574,4.00864548463301,15.411981369379292
167,27.07141232570962,2.7875277400695935,14.929470032889606
195,25.878308188379414,3.735442023558542,14.806875105968977
268,25.204521418170614,3.1133299299551815,14.158925674062898
141,23.416592979788103,4.10259680742915,13.759594893608627
265,24.455593973333645,2.7867302099287783,13.621162091631211
20,23.858675009826406,3.276071769529839,13.567373389678123
163,22.595089562381943,3.7691911860946714,13.182140374238308
18,22.30232812196615,3.5403217286570965,12.921324925311623
176,22.355988857646015,3.182071447040186,12.7690301523431
264,21.732632481396198,3.144218261353455,12.438425371374827
111,22.845450622517202,1.9858199734041335,12.415635297960668
41,23.063044505289533,1.636395459415029,12.34971998235228
185,20.876541836837138,3.1852611139678335,12.030901475402485
220,20.379883132295415,3.5347925245164125,11.957337828405914
187,19.073191543931717,4.593239811312875,11.833215677622295
6,19.73553058912656,3.0684277677205865,11.401979178423574
50,17.739075778076494,4.017981111211982,10.878528444644237
205,18.20682648467696,3.136305680332166,10.671566082504562
214,17.257693516790436,3.405762778738451,10.331728147764444
131,16.723078063164316,3.4412153117392417,10.082146687451779
46,16.83211074538094,2.203941158373826,9.518025951877384
53,16.502096297863645,2.3727687825360126,9.43743254019983
188,15.571354165014109,2.611080741861028,9.091217453437569
255,14.38125994167161,3.171545091768383,8.776402516719997
233,9.866172808278982,0.8523217513442378,5.35924727981161
